specification,coefficient,std_error
Main Model,-0.22249078015384485,0.15833226068705486
With State Trends,-0.010749280801834068,0.008742751849131328
Levels,-219.84444444444588,142.4574295365381
